<?xml version="1.0" encoding="UTF-8"?>
<project-private xmlns="http://www.netbeans.org/ns/project-private/1">
    <editor-bookmarks xmlns="http://www.netbeans.org/ns/editor-bookmarks/2" lastBookmarkId="0"/>
    <open-files xmlns="http://www.netbeans.org/ns/projectui-open-files/2">
        <group>
            <file>file:/C:/Users/9584013/Dropbox/UDESC/1-Ensino/Disciplinas/Programação%20I/3-src/exemplos-2-poo/exemplo-classes-abstratas/src/exemplo/Exemplo.java</file>
            <file>file:/C:/Users/9584013/Dropbox/UDESC/1-Ensino/Disciplinas/Programação%20I/3-src/exemplos-2-poo/exemplo-classes-abstratas/src/exemplo/Aplicacao.java</file>
            <file>file:/C:/Users/9584013/Dropbox/UDESC/1-Ensino/Disciplinas/Programação%20I/3-src/exemplos-2-poo/exemplo-classes-abstratas/src/exemplo/Figura.java</file>
            <file>file:/C:/Users/9584013/Dropbox/UDESC/1-Ensino/Disciplinas/Programação%20I/3-src/exemplos-2-poo/exemplo-classes-abstratas/src/exemplo/Circulo.java</file>
        </group>
    </open-files>
</project-private>
