<?xml version="1.0" encoding="UTF-8"?>
<project-private xmlns="http://www.netbeans.org/ns/project-private/1">
    <editor-bookmarks xmlns="http://www.netbeans.org/ns/editor-bookmarks/2" lastBookmarkId="0"/>
    <open-files xmlns="http://www.netbeans.org/ns/projectui-open-files/2">
        <group>
            <file>file:/C:/Users/9584013/Documents/NetBeansProjects/exemplo-heranca-carro-moto/src/exemplo/Carro.java</file>
            <file>file:/C:/Users/9584013/Documents/NetBeansProjects/exemplo-heranca-carro-moto/src/exemplo/Aplicacao.java</file>
            <file>file:/C:/Users/9584013/Documents/NetBeansProjects/exemplo-heranca-carro-moto/src/exemplo/Moto.java</file>
            <file>file:/C:/Users/9584013/Documents/NetBeansProjects/exemplo-heranca-carro-moto/src/exemplo/Exemplo.java</file>
            <file>file:/C:/Users/9584013/Documents/NetBeansProjects/exemplo-heranca-carro-moto/src/exemplo/Veiculo.java</file>
        </group>
    </open-files>
</project-private>
